{"GA": {"convergence_curves": [19.706909369049832, 17.426263673085682, 17.426263673085682, 17.291420085131236, 15.885389456418249, 15.582960581745716, 12.715033523801678, 11.825701022382763, 11.825701022382763, 10.636921559000147, 8.25192182991252, 8.25192182991252, 8.25192182991252, 8.25192182991252, 7.6092397308081665, 5.965847851606345, 5.142697643124045, 5.142697643124045, 5.142697643124045, 4.966488235484029, 4.897935162754322, 4.880830186190753, 3.9810708241189166, 3.9810708241189166, 3.919244555671821, 3.7449848773509733, 3.7449848773509733, 3.6223257639294784, 3.6223257639294784, 3.620580792684518, 3.620580792684518, 3.533067607567397, 3.3210944638769715, 3.3210944638769715, 3.3210944638769715, 3.3210944638769715, 3.1301845747022807, 3.1301845747022807, 3.1301845747022807, 3.1301845747022807, 3.1301845747022807, 3.10838577663078, 2.9416633651472037, 2.7783038152076895, 2.7783038152076895, 2.6615171580794166, 2.6615171580794166, 2.6615171580794166, 2.6615171580794166, 2.1802824964195904, 2.1802824964195904, 2.1802824964195904, 2.1802824964195904, 2.1802824964195904, 2.1533403417356323, 2.1259600248424424, 2.1259600248424424, 2.1259600248424424, 2.1259600248424424, 2.1259600248424424, 2.1259600248424424, 1.5898083067618711, 1.5898083067618711, 1.5898083067618711, 1.5898083067618711, 1.5898083067618711, 1.5898083067618711, 1.5898083067618711, 1.5561226206734173, 1.5561226206734173, 1.5561226206734173, 1.5561226206734173, 1.550414458953068, 1.4535396280442865, 1.4535396280442865, 1.4535396280442865, 1.4535396280442865, 1.4535396280442865, 1.4535396280442865, 1.4535396280442865, 1.4535396280442865, 1.4535396280442865, 1.4535396280442865, 1.4535396280442865, 1.288814368258635, 1.288814368258635, 1.288814368258635, 0.5381879645138707, 0.5381879645138707, 0.5381879645138707, 0.5381879645138707, 0.5381879645138707, 0.5381879645138707, 0.5377164542623771, 0.5377164542623771, 0.5377164542623771, 0.5377164542623771, 0.5377164542623771, 0.5377164542623771, 0.5377164542623771]}, "FA": {"convergence_curves": [18.90427398565161, 18.90427398565161, 18.90427398565161, 18.90427398565161, 18.90427398565161, 18.90427398565161, 18.90427398565161, 18.90427398565161, 18.90427398565161, 18.90427398565161, 18.90427398565161, 18.90427398565161, 18.90427398565161, 18.90427398565161, 18.90427398565161, 18.90427398565161, 18.90427398565161, 18.90427398565161, 18.90427398565161, 18.90427398565161, 18.90427398565161, 18.90427398565161, 18.90427398565161, 18.90427398565161, 18.90427398565161, 18.90427398565161, 18.90427398565161, 18.90427398565161, 18.90427398565161, 18.90427398565161, 18.90427398565161, 18.90427398565161, 18.90427398565161, 18.90427398565161, 18.90427398565161, 18.90427398565161, 18.90427398565161, 18.90427398565161, 18.90427398565161, 18.90427398565161, 18.90427398565161, 18.90427398565161, 18.90427398565161, 18.90427398565161, 18.90427398565161, 18.90427398565161, 18.90427398565161, 18.90427398565161, 18.90427398565161, 18.90427398565161, 18.90427398565161, 18.90427398565161, 18.90427398565161, 18.90427398565161, 18.90427398565161, 18.90427398565161, 18.90427398565161, 18.90427398565161, 18.90427398565161, 18.90427398565161, 18.90427398565161, 18.90427398565161, 18.90427398565161, 18.90427398565161, 18.90427398565161, 18.90427398565161, 18.90427398565161, 18.90427398565161, 18.90427398565161, 18.90427398565161, 18.90427398565161, 18.90427398565161, 18.90427398565161, 18.90427398565161, 18.90427398565161, 18.90427398565161, 18.90427398565161, 18.90427398565161, 18.90427398565161, 18.90427398565161, 18.90427398565161, 18.90427398565161, 18.90427398565161, 18.90427398565161, 18.90427398565161, 18.90427398565161, 18.90427398565161, 18.90427398565161, 18.90427398565161, 18.90427398565161, 18.90427398565161, 18.90427398565161, 18.90427398565161, 18.90427398565161, 18.90427398565161, 18.90427398565161, 18.90427398565161, 18.90427398565161, 18.90427398565161, 18.90427398565161]}, "CS": {"convergence_curves": [20.03429003707107, 20.03429003707107, 20.03429003707107, 20.03429003707107, 20.03429003707107, 20.03429003707107, 19.969399834936016, 19.79057045417912, 19.288851012288248, 19.288851012288248, 19.288851012288248, 19.288851012288248, 19.288851012288248, 19.288851012288248, 19.288851012288248, 19.288851012288248, 19.288851012288248, 19.288851012288248, 19.288851012288248, 19.014809766332323, 19.014809766332323, 19.014809766332323, 19.014809766332323, 19.008016910814266, 19.008016910814266, 19.008016910814266, 19.008016910814266, 19.008016910814266, 19.008016910814266, 19.008016910814266, 18.669036479479782, 18.669036479479782, 18.669036479479782, 17.824057700677468, 17.824057700677468, 17.824057700677468, 17.824057700677468, 17.824057700677468, 17.824057700677468, 17.824057700677468, 17.824057700677468, 17.824057700677468, 17.824057700677468, 17.824057700677468, 17.824057700677468, 17.824057700677468, 17.824057700677468, 17.824057700677468, 17.824057700677468, 17.552616728737437, 17.552616728737437, 17.552616728737437, 17.552616728737437, 16.36435242798571, 16.36435242798571, 16.36435242798571, 15.003247841414018, 15.003247841414018, 15.003247841414018, 15.003247841414018, 15.003247841414018, 15.003247841414018, 15.003247841414018, 15.003247841414018, 15.003247841414018, 15.003247841414018, 15.003247841414018, 14.228994298620755, 14.228994298620755, 14.228994298620755, 14.228994298620755, 14.228994298620755, 14.228994298620755, 14.228994298620755, 14.228994298620755, 14.228994298620755, 14.228994298620755, 14.228994298620755, 14.228994298620755, 14.228994298620755, 14.228994298620755, 14.228994298620755, 14.228994298620755, 14.228994298620755, 14.228994298620755, 14.228994298620755, 14.228994298620755, 14.228994298620755, 14.228994298620755, 14.228994298620755, 14.228994298620755, 14.228994298620755, 14.228994298620755, 14.228994298620755, 14.228994298620755, 14.228994298620755, 14.228994298620755, 14.228994298620755, 14.228994298620755, 14.228994298620755]},