{"GA": {"convergence_curves": [130.14963850506132, 88.35358070085512, 88.35358070085512, 71.26771784600191, 65.59884842744933, 60.81510992435222, 50.25949132477226, 43.262815784979914, 41.357024789918576, 25.70282093105243, 25.70282093105243, 25.70282093105243, 22.275316572871034, 21.51637315281613, 19.45954827370278, 16.434061325994477, 14.656072892587105, 14.525310855817821, 9.258701847283376, 9.121961870160774, 9.06872484068569, 7.799136151782761, 7.799136151782761, 7.090004385268813, 7.090004385268813, 7.090004385268813, 6.414018611598507, 6.414018611598507, 6.355265509177713, 5.826388223131843, 5.826388223131843, 4.489874866319454, 4.489874866319454, 4.489874866319454, 4.2163450488273355, 4.2163450488273355, 4.2163450488273355, 3.518626908368205, 3.1047573261351857, 2.68128972123057, 2.68128972123057, 2.68128972123057, 2.68128972123057, 2.68128972123057, 2.68128972123057, 2.68128972123057, 2.661642279761068, 2.661642279761068, 2.661642279761068, 1.6850558449298205, 1.6850558449298205, 1.6850558449298205, 1.6850558449298205, 1.6850558449298205, 1.6654084034603187, 1.6654084034603187, 1.6654084034603187, 1.622054851802048, 1.622054851802048, 1.622054851802048, 1.622054851802048, 1.4002199843222627, 1.4002199843222627, 1.4002199843222627, 1.3568664326639919, 1.3568664326639919, 0.7299340526743379, 0.7299340526743379, 0.7299340526743379, 0.7299340526743379, 0.7299340526743379, 0.7299340526743379, 0.7299340526743379, 0.7299340526743379, 0.7299340526743379, 0.7299340526743379, 0.7299340526743379, 0.7299340526743379, 0.7299340526743379, 0.7299340526743379, 0.7299340526743379, 0.7100300095430185, 0.7100300095430185, 0.7100300095430185, 0.7100300095430185, 0.7100300095430185, 0.7100300095430185, 0.7100300095430185, 0.7100300095430185, 0.7100300095430185, 0.7095485542389923, 0.4229886011168986, 0.4229886011168986, 0.4229886011168986, 0.4229886011168986, 0.4229886011168986, 0.4229886011168986, 0.4229886011168986, 0.4229886011168986, 0.4229886011168986]}, "FA": {"convergence_curves": [92.47820113204348, 92.47820113204348, 92.47820113204348, 90.7570761445661, 90.7570761445661, 90.7570761445661, 90.7570761445661, 86.49228582094119, 73.00141047328518, 73.00141047328518, 73.00141047328518, 73.00141047328518, 73.00141047328518, 73.00141047328518, 73.00141047328518, 73.00141047328518, 73.00141047328518, 73.00141047328518, 73.00141047328518, 73.00141047328518, 73.00141047328518, 73.00141047328518, 73.00141047328518, 73.00141047328518, 73.00141047328518, 73.00141047328518, 73.00141047328518, 73.00141047328518, 73.00141047328518, 73.00141047328518, 73.00141047328518, 73.00141047328518, 73.00141047328518, 73.00141047328518, 73.00141047328518, 73.00141047328518, 73.00141047328518, 73.00141047328518, 73.00141047328518, 73.00141047328518, 73.00141047328518, 73.00141047328518, 73.00141047328518, 73.00141047328518, 73.00141047328518, 73.00141047328518, 73.00141047328518, 73.00141047328518, 73.00141047328518, 73.00141047328518, 73.00141047328518, 73.00141047328518, 73.00141047328518, 73.00141047328518, 73.00141047328518, 73.00141047328518, 73.00141047328518, 73.00141047328518, 73.00141047328518, 73.00141047328518, 73.00141047328518, 73.00141047328518, 73.00141047328518, 73.00141047328518, 73.00141047328518, 73.00141047328518, 73.00141047328518, 73.00141047328518, 73.00141047328518, 73.00141047328518, 73.00141047328518, 73.00141047328518, 73.00141047328518, 73.00141047328518, 73.00141047328518, 73.00141047328518, 73.00141047328518, 73.00141047328518, 73.00141047328518, 73.00141047328518, 73.00141047328518, 73.00141047328518, 73.00141047328518, 73.00141047328518, 73.00141047328518, 73.00141047328518, 73.00141047328518, 73.00141047328518, 73.00141047328518, 73.00141047328518, 73.00141047328518, 73.00141047328518, 73.00141047328518, 73.00141047328518, 73.00141047328518, 73.00141047328518, 73.00141047328518, 73.00141047328518, 73.00141047328518, 73.00141047328518]}, "CS": {"convergence_curves": [107.41885551563473, 107.41885551563473, 107.41885551563473, 107.41885551563473, 107.41885551563473, 107.41885551563473, 107.41885551563473, 106.35968013529578, 106.35968013529578, 104.8589487529637, 104.8589487529637, 104.8589487529637, 104.8589487529637, 86.28851644573808, 86.28851644573808, 86.28851644573808, 86.28851644573808, 86.28851644573808, 86.28851644573808, 86.28851644573808, 86.28851644573808, 81.32230533175291, 79.71871465431545, 79.71871465431545, 78.76084640196643, 78.76084640196643, 73.10248334274705, 73.10248334274705, 72.43467354427469, 72.43467354427469, 67.26529455812371, 67.26529455812371, 67.26529455812371, 67.26529455812371, 67.26529455812371, 67.26529455812371, 67.26529455812371, 67.26529455812371, 67.26529455812371, 67.26529455812371, 67.26529455812371, 67.26529455812371, 67.26529455812371, 67.26529455812371, 66.78297339611963, 66.78297339611963, 64.6927163798114, 64.6927163798114, 58.70138150172524, 58.70138150172524, 58.70138150172524, 58.70138150172524, 58.70138150172524, 58.70138150172524, 58.70138150172524, 58.70138150172524, 58.70138150172524, 58.70138150172524, 58.70138150172524, 58.70138150172524, 58.70138150172524, 58.07175855681946, 58.07175855681946, 58.07175855681946, 58.07175855681946, 50.5967456504679, 50.5967456504679, 50.5967456504679, 50.5967456504679, 50.5967456504679, 50.5967456504679, 47.69900027743439, 47.69900027743439, 47.69900027743439, 47.69900027743439, 47.69900027743439, 47.69900027743439, 47.69900027743439, 47.69900027743439, 47.69900027743439, 47.69900027743439, 47.69900027743439, 46.562370450797296, 46.562370450797296, 46.562370450797296, 46.562370450797296, 46.562370450797296, 46.562370450797296, 46.562370450797296, 46.562370450797296, 46.562370450797296, 46.562370450797296, 46.562370450797296, 45.52676261759036, 42.68581004124935, 42.68581004124935, 42.68581004124935, 42.68581004124935, 37.878765449371926, 37.878765449371926]}, "PSO": {"convergence_curves": [59.04508538160176, 59.04508538160176, 59.04508538160176, 59.04508538160176, 59.04508538160176, 41.87798762892663, 41.87798762892663, 41.87798762892663, 41.87798762892663, 41.87798762892663, 36.37696759648229, 36.37696759648229, 36.37696759648229, 36.37696759648229, 36.37696759648229, 30.59060064407919, 30.59060064407919, 30.59060064407919, 30.59060064407919, 28.318874095508406, 28.318874095508406, 28.318874095508406, 28.318874095508406, 27.44166395042953, 21.32094892670831, 21.32094892670831, 21.32094892670831, 17.436344500628564, 17.436344500628564, 17.436344500628564, 17.436344500628564, 14.501864102295272, 14.501864102295272, 14.501864102295272, 14.501864102295272, 14.019108802501677, 13.741281624925975, 13.647926519056938, 13.647926519056938, 13.398709250936022, 13.243998289314163, 13.243998289314163, 13.166597578491249, 12.698317272201308, 12.698317272201308, 12.698317272201308, 12.698317272201308, 12.698317272201308, 12.698317272201308, 12.69352920621121, 12.255929554247103, 12.255929554247103, 12.160264705591274, 11.491278315174071, 11.491278315174071, 11.24430722470683, 11.24430722470683, 11.24430722470683, 11.24430722470683, 11.24430722470683, 11.16821050241488, 9.513289774178503, 9.513289774178503, 8.66195366393103, 8.66195366393103, 8.66195366393103, 8.628886309797608, 8.628886309797608, 7.56778312817471, 5.911350552059105, 5.911350552059105, 5.911350552059105, 5.911350552059105, 5.911350552059105, 5.911350552059105, 5.911350552059105, 5.911350552059105, 5.911350552059105, 5.911350552059105, 5.519063450231627, 5.519063450231627, 5.519063450231627, 5.449363151053191, 5.449363151053191, 5.449363151053191, 5.449363151053191, 5.4455722834557605, 5.4455722834557605, 5.4455722834557605, 5.4455722834557605, 5.378677428766451, 5.281907234969111, 5.281907234969111, 5.281907234969111, 4.4032176740748525, 4.4032176740748525, 4.4032176740748525, 4.217021796013611, 4.217021796013611, 4.217021796013611]},