{"GA": {"convergence_curves": [16802.22701840785, 8867.159227203232, 7576.710559484015, 7576.710559484015, 6945.975967858485, 5265.111067045343, 1196.9814905198402, 1097.8802991509183, 757.3307482007049, 757.3307482007049, 757.3307482007049, 446.53753352047505, 446.53753352047505, 291.5843655705016, 238.6230492864101, 238.6230492864101, 238.6230492864101, 208.52216009200734, 208.52216009200734, 208.52216009200734, 202.21299284512676, 175.64558573607783, 161.34874074526215, 161.34874074526215, 161.34874074526215, 161.34874074526215, 139.33577572727182, 139.33577572727182, 96.31709376583837, 64.45465341227803, 64.45465341227803, 64.45465341227803, 64.45465341227803, 64.45465341227803, 64.06904681761071, 57.72124915570492, 40.790070992291334, 38.43421763838492, 33.753598739246435, 33.753598739246435, 27.40580107734064, 27.40580107734064, 27.40580107734064, 27.289466587824645, 20.369328824295742, 20.369328824295742, 17.141738275075316, 17.141738275075316, 17.141738275075316, 17.141738275075316, 11.15315289946431, 11.15315289946431, 10.767546304796994, 10.767546304796994, 10.767546304796994, 10.767546304796994, 10.767546304796994, 4.431802438327453, 4.431802438327453, 4.431802438327453, 4.431802438327453, 3.7701271687195965, 3.3923089355750142, 3.3923089355750142, 3.3923089355750142, 2.669776493127745, 2.669776493127745, 2.30560132044228, 2.30560132044228, 2.30560132044228, 1.205250644850429, 1.205250644850429, 1.205250644850429, 1.205250644850429, 1.205250644850429, 1.205250644850429, 1.205250644850429, 1.205250644850429, 1.205250644850429, 1.205250644850429, 1.205250644850429, 1.205250644850429, 1.0381471952364343, 1.0381471952364343, 1.0381471952364343, 1.0381471952364343, 1.0381471952364343, 1.0381471952364343, 1.0381471952364343, 1.002610666500727, 1.002610666500727, 1.002610666500727, 1.002610666500727, 0.8085570364412457, 0.8085570364412457, 0.8085570364412457, 0.8085570364412457, 0.801341547849615, 0.801341547849615, 0.801341547849615]}, "FA": {"convergence_curves": [8651.596436036485, 8651.596436036485, 8651.596436036485, 8651.596436036485, 8651.596436036485, 8651.596436036485, 8651.596436036485, 8651.596436036485, 8651.596436036485, 8651.596436036485, 8651.596436036485, 8651.596436036485, 8651.596436036485, 8651.596436036485, 8651.596436036485, 8651.596436036485, 8651.596436036485, 8651.596436036485, 8651.596436036485, 8651.596436036485, 8651.596436036485, 8651.596436036485, 8651.596436036485, 8651.596436036485, 8651.596436036485, 8651.596436036485, 8651.596436036485, 8651.596436036485, 8651.596436036485, 8651.596436036485, 8651.596436036485, 8651.596436036485, 8651.596436036485, 8651.596436036485, 8651.596436036485, 8651.596436036485, 8651.596436036485, 8651.596436036485, 8651.596436036485, 8651.596436036485, 8651.596436036485, 8651.596436036485, 8651.596436036485, 8651.596436036485, 8651.596436036485, 8651.596436036485, 8651.596436036485, 8651.596436036485, 8651.596436036485, 8651.596436036485, 8651.596436036485, 8651.596436036485, 8651.596436036485, 8651.596436036485, 8651.596436036485, 8651.596436036485, 8651.596436036485, 8651.596436036485, 8651.596436036485, 8651.596436036485, 8651.596436036485, 8651.596436036485, 8651.596436036485, 8651.596436036485, 8651.596436036485, 8651.596436036485, 8651.596436036485, 8651.596436036485, 8651.596436036485, 8651.596436036485, 8651.596436036485, 8651.596436036485, 8651.596436036485, 8651.596436036485, 8651.596436036485, 8651.596436036485, 8651.596436036485, 8651.596436036485, 8651.596436036485, 8651.596436036485, 8651.596436036485, 8651.596436036485, 8651.596436036485, 8651.596436036485, 8651.596436036485, 8651.596436036485, 8651.596436036485, 8651.596436036485, 8651.596436036485, 8651.596436036485, 8651.596436036485, 8651.596436036485, 8651.596436036485, 8651.596436036485, 8651.596436036485, 8651.596436036485, 8651.596436036485, 8651.596436036485, 8651.596436036485, 8651.596436036485]}, "CS": {"convergence_curves": [14926.955481248157, 14926.955481248157, 14926.955481248157, 14926.955481248157, 14926.955481248157, 14926.955481248157, 14926.955481248157, 14926.955481248157, 14926.955481248157, 14926.955481248157, 14042.699701160731, 13877.958907769336, 13821.602465025782, 13754.348329425666, 13754.348329425666, 13754.348329425666, 13628.482682758311, 7426.6510218703625, 7426.6510218703625, 7426.6510218703625, 7426.6510218703625, 7426.6510218703625, 7426.6510218703625, 7426.6510218703625, 7426.6510218703625, 7426.6510218703625, 7426.6510218703625, 7426.6510218703625, 7426.6510218703625, 7426.6510218703625, 7426.6510218703625, 7426.6510218703625, 7426.6510218703625, 3012.001145588042, 3012.001145588042, 3012.001145588042, 3012.001145588042, 3012.001145588042, 3012.001145588042, 3012.001145588042, 3012.001145588042, 3012.001145588042, 3012.001145588042, 3012.001145588042, 1184.3797507813492, 1184.3797507813492, 1184.3797507813492, 1184.3797507813492, 1184.3797507813492, 1184.3797507813492, 1184.3797507813492, 1184.3797507813492, 1184.3797507813492, 1184.3797507813492, 1184.3797507813492, 1184.3797507813492, 1184.3797507813492, 1184.3797507813492, 1184.3797507813492, 1184.3797507813492, 1184.3797507813492, 1184.3797507813492, 1184.3797507813492, 1184.3797507813492, 1184.3797507813492, 1184.3797507813492, 1138.69170037564, 1138.69170037564, 1138.69170037564, 1138.69170037564, 1138.69170037564, 1138.69170037564, 1138.69170037564, 664.5462047491521, 664.5462047491521, 664.5462047491521, 664.5462047491521, 664.5462047491521, 664.5462047491521, 664.5462047491521, 664.5462047491521, 664.5462047491521, 664.5462047491521, 664.5462047491521, 664.5462047491521, 664.5462047491521, 664.5462047491521, 664.5462047491521, 664.5462047491521, 664.5462047491521, 664.5462047491521, 664.5462047491521, 664.5462047491521, 664.5462047491521, 664.5462047491521, 664.5462047491521, 664.5462047491521, 664.5462047491521, 664.5462047491521, 664.5462047491521]}, "PSO": {"convergence_curves": [3587.795432282138, 2442.773461560372, 1376.8322320836305, 1035.327799982933, 857.8856145834442, 666.9887159392933, 503.336824479426, 312.3135246886999, 312.3135246886999, 312.3135246886999, 312.3135246886999, 267.3237680298806, 187.21130232774667, 136.7681609067602, 136.7681609067602, 125.96623460413892, 105.20576171775915, 105.20576171775915, 91.11449719113273, 78.23731818072365, 49.84948664143318, 49.84948664143318, 46.33328455174986, 46.33328455174986, 29.73487885973605, 28.464926278501142, 28.464926278501142, 28.464926278501142, 20.631070136293438, 20.631070136293438, 11.723768584986168, 11.723768584986168, 11.240742895728362, 6.3049791275457965, 5.264315740320796, 5.264315740320796, 5.264315740320796, 5.264315740320796, 4.592654075027114, 4.2518371438692535, 4.14018716593051, 1.1988144101116731, 1.1988144101116731, 1.1988144101116731, 1.1988144101116731, 1.1988144101116731, 1.1805671374841151, 1.1805671374841151, 1.1805671374841151, 0.7416434674889584, 0.5992035801179646, 0.5992035801179646, 0.5533476820146138, 0.4268149424858743, 0.4268149424858743, 0.2428253485937194, 0.19894831152124884, 0.1127542769411596, 0.030738603187737395, 0.030738603187737395, 0.030738603187737395, 0.030738603187737395, 0.030738603187737395, 0.030738603187737395, 0.030738603187737395, 0.030738603187737395, 0.027671038036674436, 0.025116060469815963, 0.023946162176453054, 0.014858607066213758, 0.012902168774770571, 0.012902168774770571, 0.012902168774770571, 0.012902168774770571, 0.011801116128591978, 0.011271370857674252, 0.006026648763406906, 0.006026648763406906, 0.004491089867389863, 0.004325307604444847, 0.0036550882628238433, 0.002427348599134117, 0.0020345315856550236, 0.0020345315856550236, 0.0016803931447966253, 0.001399268520839815, 0.0011109464948560065, 0.0011109464948560065, 0.0011109464948560065, 0.0010446869642985715, 0.0010446869642985715, 0.0007047040247815501, 0.0005982119001238541, 0.00031973668058312473, 0.0002744688240606259, 0.00025135638700125824, 0.0001870560519412495, 0.0001870560519412495, 9.698208128933781e-05, 9.698208128933781e-05]},